<?xml version="1.0" encoding="UTF-8"?>
<c3p0-config>
	<default-config>
		<property name="jdbcUrl">jdbc:mysql://localhost:3306/mysql20190917?useUnicode=true&amp;characterEncoding=UTF8&amp;useSSL=false&amp;serverTimeZone=GMT
		</property>
		<!-- mysql 8.x -->
		<property name="driverClass">com.mysql.cj.jdbc.Driver</property>
		<!-- mysql 5.x -->
		<!-- <property name="driverClass">com.mysql.jdbc.Driver</property> -->
		<property name="user">root</property>
		<property name="password">123456</property>
		<property name="initialPoolSize">10</property>
		<property name="maxPoolSize">100</property>  
        <property name="minPoolSize">10</property> 
        <property name="acquireIncrement">5</property>
		<property name="maxIdleTime">5000</property>
	</default-config>
</c3p0-config>